guestID,name,email,phone
1882bd8c-0a0b-46a9-b708-5ce03f706dfb,Alice Johnson,alicejohnson@example.com,-9154740230
47cf6806-7532-474c-ad79-ab5e8d3abd0e,Bob Smith,bobsmith@example.com,-9727706959
f4c3c462-a791-4056-8fbc-b7563e2ce400,Charlie Lee,charlielee@example.com,-9344580636
71d92267-cc42-430a-8c5d-a365df953f5e,Diana Brown,dianabrown@example.com,-9231068375
5aa296dc-f217-45a7-8586-1edba2218a7e,Ethan White,ethanwhite@example.com,-9733363898
90cc45e2-e09f-458f-83a7-9b954ebb4fad,Arjun Iyer,arjun.iyer@example.com,+91-9567639222
02150867-f50b-4a6c-85c2-78e91d29418e,Myra Sharma,myra.sharma@example.com,+91-9961934554
a81dea44-b0a2-47d4-a9a7-76825b5e058d,Sai Joshi,sai.joshi@example.com,+91-9860126364
5ac2ca67-2c3b-4641-8838-af3e2df0e0f9,Arjun Kumar,arjun.kumar@example.com,+91-9416819922
6dba2073-2969-4767-802d-a667b3f9b58b,Vihaan Patel,vihaan.patel@example.com,+91-9535628712
00bcf927-8f3f-422f-ac48-e25f627da7b2,Arjun Joshi,arjun.joshi@example.com,+91-9671027773
e2a5cb47-c437-418b-9d7e-690a1d1a6fe9,Vivaan Singh,vivaan.singh@example.com,+91-9309126654
964ec2db-07ff-4524-b230-d413d1320c0e,Myra Reddy,myra.reddy@example.com,+91-9104400824
92e68618-911c-4520-925c-89b6132409ae,Aditya Chopra,aditya.chopra@example.com,+91-9752112991
af17df79-4bae-4618-8948-536e17ed1b8f,Myra Reddy,myra.reddy@example.com,+91-9339772502
3ac399c0-1e1e-4e0c-ac00-3f690c7df17b,Myra Iyer,myra.iyer@example.com,+91-9661247206
498b782d-cf49-4196-adf6-53b4a56bd963,Anaya Iyer,anaya.iyer@example.com,+91-9331684387
3d5308de-70d6-41cd-9b0b-f78a7dc74ce5,Aditya Mehta,aditya.mehta@example.com,+91-9974236532
01247b81-0d4c-4339-a857-59fb763a9c27,Diya Mehta,diya.mehta@example.com,+91-9436187486
a236306e-ee53-4112-85ec-f61bc0cf9312,Aditya Sharma,aditya.sharma@example.com,+91-9765013514
e2e21247-7f3e-428c-ae1b-08df1721a193,Vihaan Joshi,vihaan.joshi@example.com,+91-9237087872
06fa2199-470e-405e-9261-ee9feb92ce83,Anaya Reddy,anaya.reddy@example.com,+91-9449737436
74fae93e-2ac4-46e4-b883-5a60ad3b1140,Sai Singh,sai.singh@example.com,+91-9985538417
b2c12ad4-81bc-458b-bb31-44ec77654fd7,Arjun Chopra,arjun.chopra@example.com,+91-9606217124
fe06dd10-b0c2-4fec-9b5e-1dec88e0c587,Arjun Singh,arjun.singh@example.com,+91-9662005076
